{"cameraMode":{"drawMode":0,"name":"Shaded","section":"Shading Mode"},"sceneLighting":true,"audioPlay":false,"sceneViewState":{"m_AlwaysRefresh":false,"showFog":true,"showSkybox":true,"showFlares":true,"showImageEffects":true,"showParticleSystems":true,"showVisualEffectGraphs":true,"m_FxEnabled":true},"in2DMode":false,"pivot":{"x":5.271725177764893,"y":-0.3100976049900055,"z":17.764175415039064},"rotation":{"x":-0.06280546635389328,"y":-0.12036684155464173,"z":0.007630558218806982,"w":-0.9907114505767822},"size":11.901037216186524,"orthographic":false}