{"cameraMode":{"drawMode":0,"name":"Shaded","section":"Shading Mode"},"sceneLighting":true,"audioPlay":false,"sceneViewState":{"showFog":false,"showMaterialUpdate":false,"showSkybox":false,"showFlares":false,"showImageEffects":false,"showParticleSystems":false},"in2DMode":false,"pivot":{"x":10.056772232055664,"y":1.4284090995788575,"z":21.55521011352539},"rotation":{"x":0.19070689380168916,"y":0.09993480890989304,"z":-0.01951965130865574,"w":0.9763519167900086},"size":2.352379560470581,"orthographic":false}