{"cameraMode":{"drawMode":0,"name":"Shaded","section":"Shading Mode"},"sceneLighting":true,"audioPlay":false,"sceneViewState":{"showFog":false,"showMaterialUpdate":false,"showSkybox":false,"showFlares":false,"showImageEffects":false,"showParticleSystems":false},"in2DMode":false,"pivot":{"x":3.9927103519439699,"y":2.53582763671875,"z":9.963430404663086},"rotation":{"x":-0.2448352426290512,"y":-0.16574683785438538,"z":0.042468637228012088,"w":-0.9544352293014526},"size":1.8031859397888184,"orthographic":false}