{"cameraMode":{"drawMode":0,"name":"Shaded","section":"Shading Mode"},"sceneLighting":false,"audioPlay":false,"sceneViewState":{"showFog":false,"showMaterialUpdate":false,"showSkybox":false,"showFlares":false,"showImageEffects":false,"showParticleSystems":false},"in2DMode":false,"pivot":{"x":3.13700008392334,"y":0.6600000858306885,"z":0.05500000715255737},"rotation":{"x":0.09093566983938217,"y":0.6948323249816895,"z":-0.08932238817214966,"w":0.7078431844711304},"size":3.7209651470184328,"orthographic":false}