{"cameraMode":{"drawMode":0,"name":"Shaded","section":"Shading Mode"},"sceneLighting":true,"audioPlay":false,"sceneViewState":{"showFog":false,"showMaterialUpdate":false,"showSkybox":false,"showFlares":false,"showImageEffects":false,"showParticleSystems":false},"in2DMode":false,"pivot":{"x":42.115970611572269,"y":31.615707397460939,"z":49.1125602722168},"rotation":{"x":-0.0433308444917202,"y":0.9558364152908325,"z":-0.22720816731452943,"w":-0.18174514174461366},"size":2.6027960777282717,"orthographic":false}