{"cameraMode":{"drawMode":0,"name":"Shaded","section":"Shading Mode"},"sceneLighting":true,"audioPlay":false,"sceneViewState":{"showFog":false,"showMaterialUpdate":false,"showSkybox":false,"showFlares":false,"showImageEffects":false,"showParticleSystems":false},"in2DMode":false,"pivot":{"x":42.33781433105469,"y":-2.9562041759490969,"z":-8.035786628723145},"rotation":{"x":0.05699710547924042,"y":0.849951982498169,"z":-0.09394866973161698,"w":0.5153897404670715},"size":48.11064910888672,"orthographic":false}